Mean_Power,Variance,Peak_Frequency,Spectral_Entropy,Max_Amplitude,Label
0.4995,0.4995,50.0,3.3325890380642997,0.9999987638285974,0
0.6243749999999996,0.6243749999999995,50.0,4.118868093549379,1.4935351887642396,1
0.7780104332180181,0.7778071868571288,50.0,6.622579211390621,2.2793806683685323,2
0.9992602064540171,0.9992602064540171,50.0,5.9540832477887236,5.997922715028243,3
