mean,variance,max_amplitude,peak_frequency,spectral_energy,label
-1.7141843500212417e-16,0.49999999999999956,1.0,-50.0,499999.9999999996,0
-2.0028423364237825e-16,0.6249999999999989,1.4265847744427456,50.0,624999.9999999988,1
-0.022636914154656955,0.7685955252839385,2.2868494243394135,50.0,769107.9551663836,2
0.01499999999999983,0.5436291019662494,3.809016994374945,-50.0,543854.1019662493,3
